datetime,close,open,high,low,volume,openinterest,开仓价格,平仓价格开盘价格,平仓价格收盘价格,方向,差价1,差2,盈利1,盈利1,,开仓价格,平仓价格收盘价格,,方向,差价1,盈利1
2022/1/4,4925.6,4960,4966,4872.2,65395,3.085079403,,,,,,,,,,,,,,,
2022/1/5,4877,4919.6,4928.8,4855.2,73461,3.332723893,4877,4860.2,4818.2,1,-16.8,-58.8,-16.8,-16.8,,,,,,,
2022/1/6,4818.2,4860.2,4867.6,4787.2,67481,4.319007954,4818.2,4833.6,4829.6,1,15.4,11.4,15.4,15.4,,,,,,,
2022/1/7,4829.6,4833.6,4863.4,4825.4,58567,3.114838655,4829.6,4822,4845.6,1,-7.6,16,-7.6,-7.6,,,,,,,
2022/1/10,4845.6,4822,4857.6,4790.2,55271,10.00049484,4845.6,4841.6,4800.8,1,-4,-44.8,-4,-4,,,,,,,
2022/1/11,4800.8,4841.6,4858.6,4795.6,60829,0.555597129,4800.8,4822,4852.6,1,21.2,51.8,21.2,21.2,,,,,,,
2022/1/12,4852.6,4822,4869.6,4819,58829,11.01885681,4852.6,4863,4767.2,-1,10.4,-85.4,-10.4,10.4,,,,,,,
2022/1/13,4767.2,4863,4868.4,4767,66308,2.428654605,4767.2,4753.2,4723.6,1,-14,-43.6,-14,-14,,,,,,,
2022/1/14,4723.6,4753.2,4772.4,4720.6,58708,2.109759387,4723.6,4732,4763.6,1,8.4,40,8.4,8.4,,,,,,,
2022/1/17,4763.6,4732,4784,4730.2,53583,4.731203949,4763.6,4760,4812.2,1,-3.6,48.6,-3.6,-3.6,,,,,,,
2022/1/18,4812.2,4760,4831,4745.2,58610,7.493010034,4812.2,4818.2,4788.4,1,6,-23.8,6,6,,,,,,,
2022/1/19,4788.4,4818.2,4839.4,4761.6,55463,-1.989262821,4788.4,4784.4,4825,1,-4,36.6,-4,-4,,,,,,,
2022/1/20,4825,4784.4,4854.8,4784.4,45581,3.565457182,4825,4815,4775.6,-1,-10,-49.4,10,-10,,,,,,,
2022/1/21,4775.6,4815,4824,4761.6,19323,-0.900966733,4775.6,4785,4803.4,1,9.4,27.8,9.4,9.4,,,,,,,
2022/1/24,4803.4,4785,4817.8,4763.6,58320,8.938571988,4803.4,4780.4,4690.8,-1,-23,-112.6,23,-23,,,,,,,
2022/1/25,4690.8,4780.4,4794,4686.4,64532,3.878529917,4690.8,4716.4,4718.4,1,25.6,27.6,25.6,25.6,,,,,,,
2022/1/26,4718.4,4716.4,4727.6,4664.4,60134,7.367019153,4718.4,4707.4,4637.8,1,-11,-80.6,-11,-11,,,,,,,
2022/1/27,4637.8,4707.4,4709.8,4621,67742,6.375574291,4637.8,4666.8,4540.6,1,29,-97.2,29,29,,,,,,,
2022/1/28,4540.6,4666.8,4669,4524,75527,10.29670567,4540.6,4616.8,4627.2,1,76.2,86.6,76.2,76.2,,,,,,,
2022/2/7,4627.2,4616.8,4668.2,4608,56834,6.011478844,4627.2,4615.6,4607.2,1,-11.6,-20,-11.6,-11.6,,,,,,,
2022/2/8,4607.2,4615.6,4626.6,4518,65302,5.894721884,4607.2,4615.6,4648.4,1,8.4,41.2,8.4,8.4,,,,,,,
2022/2/9,4648.4,4615.6,4659,4594,57333,-2.457385295,4648.4,4656,4636.2,1,7.6,-12.2,7.6,7.6,,,,,,,
2022/2/10,4636.2,4656,4659.2,4611.2,50993,8.888077649,4636.2,4619.6,4595.2,-1,-16.6,-41,16.6,-16.6,,,,,,,
2022/2/11,4595.2,4619.6,4667.6,4595.2,64200,7.958150919,4595.2,4581,4552.6,1,-14.2,-42.6,-14.2,-14.2,,,,,,,
2022/2/14,4552.6,4581,4599.6,4530.6,56775,5.544714938,4552.6,4555.4,4591.2,1,2.8,38.6,2.8,2.8,,,,,,,
2022/2/15,4591.2,4555.4,4599.4,4549.6,51003,8.900615566,4591.2,4619,4612.4,1,27.8,21.2,27.8,27.8,,,,,,,
2022/2/16,4612.4,4619,4638.6,4602,40895,1.85245977,4612.4,4611,4623.8,1,-1.4,11.4,-1.4,-1.4,,,,,,,
2022/2/17,4623.8,4611,4652.6,4602.8,33686,-2.431486794,4623.8,4600,4648.8,-1,-23.8,25,23.8,-23.8,,,,,,,
2022/2/18,4648.8,4600,4651,4597.2,61863,-2.941428191,4648.8,4641.4,4627.4,-1,-7.4,-21.4,7.4,-7.4,,,,,,,
2022/2/21,4627.4,4641.4,4645,4605,62344,1.114513728,4627.4,4594.2,4569.4,-1,-33.2,-58,33.2,-33.2,,,,,,,
2022/2/22,4569.4,4594.2,4595,4540.6,74109,2.338953095,4569.4,4579,4617.2,-1,9.6,47.8,-9.6,9.6,,,,,,,
2022/2/23,4617.2,4579,4622,4572,59859,5.272241893,4617.2,4590,4534,1,-27.2,-83.2,-27.2,-27.2,,,,,,,
2022/2/24,4534,4590,4599.6,4492.4,91859,7.469382275,4534,4569,4572,1,35,38,35,35,,,,,,,
2022/2/25,4572,4569,4623,4560.6,79599,2.778999615,4572,4566,4574.4,1,-6,2.4,-6,-6,,,,,,,
2022/2/28,4574.4,4566,4580.6,4528,65865,4.098735508,4574.4,4600,4608.6,1,25.6,34.2,25.6,25.6,,,,,,,
2022/3/1,4608.6,4600,4621,4576.8,66397,0.096711474,4608.6,4586.6,4575,1,-22,-33.6,-22,-22,,,,,,,
2022/3/2,4575,4586.6,4590.2,4552,61056,4.600236323,4575,4599.4,4546.8,-1,24.4,-28.2,-24.4,24.4,,,,,,,
2022/3/3,4546.8,4599.4,4604.6,4535.8,60809,3.623338452,4546.8,4501.6,4499.4,1,-45.2,-47.4,-45.2,-45.2,,,,,,,
2022/3/4,4499.4,4501.6,4537,4482.2,72018,3.224307586,4499.4,4450.4,4339.4,1,-49,-160,-49,-49,,,,,,,
2022/3/7,4339.4,4450.4,4455.6,4324.2,81868,2.126437875,4339.4,4364.4,4237,1,25,-102.4,25,25,,,,,,,
2022/3/8,4237,4364.4,4375,4222.4,105026,3.985110131,4237,4266.2,4202,1,29.2,-35,29.2,29.2,,,,,,,
2022/3/9,4202,4266.2,4293.8,4025,123571,20.38623837,4202,4275.8,4266.4,1,73.8,64.4,73.8,73.8,,,,,,,
2022/3/10,4266.4,4275.8,4315,4260.4,83652,2.081396726,4266.4,4209,4311,1,-57.4,44.6,-57.4,-57.4,,,,,,,
2022/3/11,4311,4209,4317.4,4149,108112,20.54017022,4311,4248,4162.4,1,-63,-148.6,-63,-63,,,,,,,
2022/3/14,4162.4,4248,4270.6,4161,95216,5.097058008,4162.4,4110,3941.4,1,-52.4,-221,-52.4,-52.4,,,,,,,
2022/3/15,3941.4,4110,4162.8,3935.4,128984,-0.675809194,3941.4,4039.6,4152.2,1,98.2,210.8,98.2,98.2,,,,,,,
2022/3/16,4152.2,4039.6,4174.6,3939.6,121382,24.08459217,4152.2,4239.6,4234,-1,87.4,81.8,-87.4,87.4,,,,,,,
2022/3/17,4234,4239.6,4302,4208.8,68064,13.09497711,4234,4190,4232.6,1,-44,-1.4,-44,-44,,,,,,,
2022/3/18,4232.6,4190,4257.8,4169.2,95084,4.74368082,4232.6,4236.2,4215,1,3.6,-17.6,3.6,3.6,,,,,,,
2022/3/21,4215,4236.2,4247.2,4174,83968,-4.622943566,4215,4217,4213.2,1,2,-1.8,2,2,,,,,,,
2022/3/22,4213.2,4217,4260.2,4197.8,78783,2.714265695,4213.2,4235,4240.4,-1,21.8,27.2,-21.8,21.8,,,,,,,
2022/3/23,4240.4,4235,4263,4206.8,84975,9.755205831,4240.4,4215,4218.8,1,-25.4,-21.6,-25.4,-25.4,,,,,,,
2022/3/24,4218.8,4215,4249.6,4185.6,82607,22.1710956,4218.8,4220,4137,1,1.2,-81.8,1.2,1.2,,,,,,,
2022/3/25,4137,4220,4237.6,4137,87845,13.39443705,4137,4100,4128.2,1,-37,-8.8,-37,-37,,,,,,,
2022/3/28,4128.2,4100,4155,4055,94420,12.41018414,4128.2,4140,4113.2,1,11.8,-15,11.8,11.8,,,,,,,
2022/3/29,4113.2,4140,4165,4103.2,71009,6.02341946,4113.2,4149,4254.2,1,35.8,141,35.8,35.8,,,,,,,
2022/3/30,4254.2,4149,4256,4145.8,103025,8.672230653,4254.2,4234.8,4218.8,1,-19.4,-35.4,-19.4,-19.4,,,,,,,
2022/3/31,4218.8,4234.8,4248.2,4211,65855,-3.21623413,4218.8,4190.2,4268,1,-28.6,49.2,-28.6,-28.6,,,,,,,
2022/4/1,4268,4190.2,4292,4185,84252,1.176897003,4268,4242,4242,-1,-26,-26,26,-26,,,,,,,
2022/4/6,4242,4242,4265,4220.4,70389,13.71562373,4242,4220,4195.2,-1,-22,-46.8,22,-22,,,,,,,
2022/4/7,4195.2,4220,4260,4188,83696,5.430671891,4195.2,4203.2,4233.8,1,8,38.6,8,8,,,,,,,
2022/4/8,4233.8,4203.2,4235,4172.2,82187,10.20082524,4233.8,4192.2,4100,1,-41.6,-133.8,-41.6,-41.6,,,,,,,
2022/4/11,4100,4192.2,4199.2,4087.2,96357,18.62340282,4100,4108.8,4176,1,8.8,76,8.8,8.8,,,,,,,
2022/4/12,4176,4108.8,4185,4081.8,99501,20.84546208,4176,4151.4,4147.8,1,-24.6,-28.2,-24.6,-24.6,,,,,,,
2022/4/13,4147.8,4151.4,4195,4142,73095,15.27935882,4147.8,4180,4186.2,1,32.2,38.4,32.2,32.2,,,,,,,
2022/4/14,4186.2,4180,4218.6,4159.2,60196,8.497918627,4186.2,4160,4194.4,1,-26.2,8.2,-26.2,-26.2,,,,,,,
2022/4/15,4194.4,4160,4206.6,4153.8,24106,4.171986666,4194.4,4138.2,4158.2,1,-56.2,-36.2,-56.2,-56.2,,,,,,,
2022/4/18,4158.2,4138.2,4164.8,4114,77885,11.01941545,4158.2,4165,4134.8,1,6.8,-23.4,6.8,6.8,,,,,,,
2022/4/19,4134.8,4165,4188,4105.2,75170,13.83793807,4134.8,4130,4054.6,1,-4.8,-80.2,-4.8,-4.8,,,,,,,
2022/4/20,4054.6,4130,4139,4054,84223,15.64504213,4054.6,4053.4,3998.8,1,-1.2,-55.8,-1.2,-1.2,,,,,,,
2022/4/21,3998.8,4053.4,4081.4,3974.2,99486,11.61432065,3998.8,3970,4011.8,1,-28.8,13,-28.8,-28.8,,,,,,,
2022/4/22,4011.8,3970,4043.6,3953,86195,7.592646784,4011.8,3933.4,3809.8,1,-78.4,-202,-78.4,-78.4,,,,,,,
2022/4/25,3809.8,3933.4,3964.4,3800,113887,12.13654213,3809.8,3832,3782,1,22.2,-27.8,22.2,22.2,,,,,,,
2022/4/26,3782,3832,3881,3771.4,114509,11.41442407,3782,3775,3885.8,1,-7,103.8,-7,-7,,,,,,,
2022/4/27,3885.8,3775,3886,3772,113514,16.08858198,3885.8,3872.6,3916,1,-13.2,30.2,-13.2,-13.2,,,,,,,
2022/4/28,3916,3872.6,3927.8,3864.4,97238,1.666880739,3916,3936,4019.4,1,20,103.4,20,20,,,,,,,
2022/4/29,4019.4,3936,4021.6,3887.2,103063,8.470678667,4019.4,4018,3995,-1,-1.4,-24.4,1.4,-1.4,,,,,,,
2022/5/5,3995,4018,4028.8,3989.2,69449,3.62498487,3995,3930,3880.2,1,-65,-114.8,-65,-65,,,,,,,
2022/5/6,3880.2,3930,3942,3876.8,81098,0.101820286,3880.2,3864.4,3853.2,1,-15.8,-27,-15.8,-15.8,,,,,,,
2022/5/9,3853.2,3864.4,3894.8,3827.6,65990,-0.131761214,3853.2,3813.2,3914,-1,-40,60.8,40,-40,,,,,,,
2022/5/10,3914,3813.2,3932.2,3785,95700,12.07545386,3914,3916.8,3955.4,-1,2.8,41.4,-2.8,2.8,,,,,,,
2022/5/11,3955.4,3916.8,4021.6,3911.2,86945,0.607448979,3955.4,3944.8,3943.2,1,-10.6,-12.2,-10.6,-10.6,,,,,,,
2022/5/12,3943.2,3944.8,3976.4,3923,71782,-7.147374324,3943.2,3980,3975.2,-1,36.8,32,-36.8,36.8,,,,,,,
2022/5/13,3975.2,3980,3997.4,3945,70820,3.635938728,3975.2,4008.2,3932.2,-1,33,-43,-33,33,,,,,,,
2022/5/16,3932.2,4008.2,4013.6,3926,70493,-5.833530929,3932.2,3953,3994.4,1,20.8,62.2,20.8,20.8,,,,,,,
2022/5/17,3994.4,3953,3998.6,3941,65865,3.51217101,3994.4,3998,3982.4,-1,3.6,-12,-3.6,3.6,,,,,,,
2022/5/18,3982.4,3998,4016.8,3949,61836,1.347089656,3982.4,3935,3997,1,-47.4,14.6,-47.4,-47.4,,,,,,,
2022/5/19,3997,3935,3998.2,3935,45019,-2.66590154,3997,3999,4063,-1,2,66,-2,2,,,,,,,
2022/5/20,4063,3999,4065,3996.2,107613,-4.286676764,4063,4063,4015,-1,0,-48,0,0,,,,,,,
2022/5/23,4015,4063,4063,3996.4,83824,12.73096326,4015,4018,3938.6,-1,3,-76.4,-3,3,,,,,,,
2022/5/24,3938.6,4018,4021.8,3936,86225,5.852822707,3938.6,3949,3958,1,10.4,19.4,10.4,10.4,,,,,,,
2022/5/25,3958,3949,3963.6,3930.2,71125,7.986669002,3958,3957,3969.6,1,-1,11.6,-1,-1,,,,,,,
2022/5/26,3969.6,3957,4001,3903.2,103945,15.00417263,3969.6,4003,3983.2,1,33.4,13.6,33.4,33.4,,,,,,,
2022/5/27,3983.2,4003,4040.2,3966,93567,2.800540678,3983.2,4003.4,4001.8,1,20.2,18.6,20.2,20.2,,,,,,,
2022/5/30,4001.8,4003.4,4028,3986.8,75199,-9.778627861,4001.8,4003,4069.2,1,1.2,67.4,1.2,1.2,,,,,,,
2022/5/31,4069.2,4003,4084.8,3996,94817,0.854933116,4069.2,4066,4059.2,-1,-3.2,-10,3.2,-3.2,,,,,,,
2022/6/1,4059.2,4066,4075.6,4036.8,69701,-3.714220006,4059.2,4041,4070.6,-1,-18.2,11.4,18.2,-18.2,,,,,,,
2022/6/2,4070.6,4041,4077,4033.4,70772,-11.56911295,4070.6,4068.6,4144.4,-1,-2,73.8,2,-2,,,,,,,
2022/6/6,4144.4,4068.6,4147.4,4036.2,95173,-2.074738783,4144.4,4131,4152.4,-1,-13.4,8,13.4,-13.4,,,,,,,
2022/6/7,4152.4,4131,4181,4125,73806,-9.371130902,4152.4,4167.6,4202.6,-1,15.2,50.2,-15.2,15.2,,,,,,,
2022/6/8,4202.6,4167.6,4209.4,4143,91862,5.027454639,4202.6,4192.6,4168,-1,-10,-34.6,10,-10,,,,,,,
2022/6/9,4168,4192.6,4215.6,4152,85307,-15.79222071,4168,4144,4234,1,-24,66,-24,-24,,,,,,,
2022/6/10,4234,4144,4247.4,4141.2,93934,-0.677947292,4234,4195,4183.2,-1,-39,-50.8,39,-39,,,,,,,
2022/6/13,4183.2,4195,4207.8,4151.4,93993,-6.610568284,4183.2,4151.4,4229.2,-1,-31.8,46,31.8,-31.8,,,,,,,
2022/6/14,4229.2,4151.4,4230.2,4098.2,101429,6.448103078,4229.2,4239.4,4277.4,-1,10.2,48.2,-10.2,10.2,,,,,,,
2022/6/15,4277.4,4239.4,4357,4231.6,105095,4.213138847,4277.4,4292,4248.8,1,14.6,-28.6,14.6,14.6,,,,,,,
2022/6/16,4248.8,4292,4308,4241.2,63799,-17.08395483,4248.8,4235.6,4299.2,1,-13.2,50.4,-13.2,-13.2,,,,,,,
2022/6/17,4299.2,4235.6,4303.2,4226,30801,-13.84239642,4299.2,4296.8,4282.6,-1,-2.4,-16.6,2.4,-2.4,,,,,,,
2022/6/20,4282.6,4296.8,4340.6,4254.8,91811,-3.924298095,4282.6,4281.8,4286.4,-1,-0.8,3.8,0.8,-0.8,,,,,,,
2022/6/21,4286.4,4281.8,4331.2,4253.8,90396,8.097078005,4286.4,4289.2,4231,-1,2.8,-55.4,-2.8,2.8,,,,,,,
2022/6/22,4231,4289.2,4294,4226.6,88002,-12.32817116,4231,4249,4315.8,1,18,84.8,18,18,,,,,,,
2022/6/23,4315.8,4249,4318.8,4237.4,89494,-9.185135752,4315.8,4328,4366.2,-1,12.2,50.4,-12.2,12.2,,,,,,,
2022/6/24,4366.2,4328,4378,4315.2,87182,-6.340928531,4366.2,4388,4410.6,-1,21.8,44.4,-21.8,21.8,,,,,,,
2022/6/27,4410.6,4388,4453.8,4388,85271,-23.01550123,4410.6,4404.4,4465.4,-1,-6.2,54.8,6.2,-6.2,,,,,,,
2022/6/28,4465.4,4404.4,4479.6,4383.6,80532,1.849476175,4465.4,4451.6,4413.4,-1,-13.8,-52,13.8,-13.8,,,,,,,
2022/6/29,4413.4,4451.6,4480.6,4399.6,89438,-9.49744337,4413.4,4415,4461.8,-1,1.6,48.4,-1.6,1.6,,,,,,,
2022/6/30,4461.8,4415,4501,4415,90263,2.635743176,4461.8,4464,4445.2,-1,2.2,-16.6,-2.2,2.2,,,,,,,
2022/7/1,4445.2,4464,4477,4422,77552,-6.210097413,4445.2,4425,4472.2,1,-20.2,27,-20.2,-20.2,,,,,,,
2022/7/4,4472.2,4425,4472.2,4398.2,75307,0.446623756,4472.2,4492.4,4459.4,-1,20.2,-12.8,-20.2,20.2,,,,,,,
2022/7/5,4459.4,4492.4,4519.6,4408,95121,7.063883792,4459.4,4449,4400.4,-1,-10.4,-59,10.4,-10.4,,,,,,,
2022/7/6,4400.4,4449,4460.6,4374,88373,-0.993690981,4400.4,4400,4416.6,1,-0.4,16.2,-0.4,-0.4,,,,,,,
2022/7/7,4416.6,4400,4439.4,4371.8,71964,7.621434145,4416.6,4445,4409.6,-1,28.4,-7,-28.4,28.4,,,,,,,
2022/7/8,4409.6,4445,4464,4405.8,74550,13.06219055,4409.6,4387.6,4337,1,-22,-72.6,-22,-22,,,,,,,
2022/7/11,4337,4387.6,4387.6,4318,78168,13.81921505,4337,4342,4300.8,1,5,-36.2,5,5,,,,,,,
2022/7/12,4300.8,4342,4357.8,4287.4,76927,0.661572418,4300.8,4313.6,4306.6,1,12.8,5.8,12.8,12.8,,,,,,,
2022/7/13,4306.6,4313.6,4329.2,4278.6,66458,-2.043660432,4306.6,4293.4,4310,-1,-13.2,3.4,13.2,-13.2,,,,,,,
2022/7/14,4310,4293.4,4341,4285.2,55040,9.772531767,4310,4305,4286,-1,-5,-24,5,-5,,,,,,,
2022/7/15,4286,4305,4349.2,4284.4,29559,-0.095447158,4286,4228.8,4273,1,-57.2,-13,-57.2,-57.2,,,,,,,
2022/7/18,4273,4228.8,4290.6,4197,79675,3.791289559,4273,4270,4254.2,-1,-3,-18.8,3,-3,,,,,,,
2022/7/19,4254.2,4270,4271.2,4215.4,72558,0.427753308,4254.2,4280.6,4262.8,1,26.4,8.6,26.4,26.4,,,,,,,
2022/7/20,4262.8,4280.6,4294.8,4251.4,57427,6.97253687,4262.8,4250,4216.6,-1,-12.8,-46.2,12.8,-12.8,,,,,,,
2022/7/21,4216.6,4250,4272.2,4214.2,61801,2.441189565,4216.6,4232.2,4224.2,1,15.6,7.6,15.6,15.6,,,,,,,
2022/7/22,4224.2,4232.2,4271.8,4190.2,79805,4.738614672,4224.2,4222.2,4206.6,1,-2,-17.6,-2,-2,,,,,,,
2022/7/25,4206.6,4222.2,4222.2,4187.6,58398,-1.792557667,4206.6,4223.6,4235.8,1,17,29.2,17,17,,,,,,,
2022/7/26,4235.8,4223.6,4260,4210.2,64657,0.593493242,4235.8,4228.2,4213,-1,-7.6,-22.8,7.6,-7.6,,,,,,,
2022/7/27,4213,4228.2,4235,4205.2,57341,4.239939922,4213,4235,4214.8,-1,22,1.8,-22,22,,,,,,,
2022/7/28,4214.8,4235,4270,4209.6,72590,8.389714568,4214.8,4221,4152.4,1,6.2,-62.4,6.2,6.2,,,,,,,
2022/7/29,4152.4,4221,4246,4144.8,82917,0.771227552,4152.4,4147,4174,1,-5.4,21.6,-5.4,-5.4,,,,,,,
2022/8/1,4174,4147,4187,4116.2,66172,8.0116916,4174,4120.4,4109.4,-1,-53.6,-64.6,53.6,-53.6,,,,,,,
2022/8/2,4109.4,4120.4,4135.8,4063.2,81790,10.65970962,4109.4,4128,4059.8,1,18.6,-49.6,18.6,18.6,,,,,,,
2022/8/3,4059.8,4128,4151.8,4048.8,73227,7.789754241,4059.8,4088,4091,1,28.2,31.2,28.2,28.2,,,,,,,
2022/8/4,4091,4088,4102.8,4062.4,62365,8.117896191,4091,4108,4156.8,1,17,65.8,17,17,,,,,,,
2022/8/5,4156.8,4108,4164.2,4090,67635,4.009038461,4156.8,4142,4142.6,1,-14.8,-14.2,-14.8,-14.8,,,,,,,
2022/8/8,4142.6,4142,4159.6,4130.2,47776,-1.610719781,4142.6,4138,4149.2,1,-4.6,6.6,-4.6,-4.6,,,,,,,
2022/8/9,4149.2,4138,4159.8,4125,46452,5.051093141,4149.2,4141.8,4101.4,-1,-7.4,-47.8,7.4,-7.4,,,,,,,
2022/8/10,4101.4,4141.8,4154.2,4083.4,52353,-2.925873249,4101.4,4130,4196,1,28.6,94.6,28.6,28.6,,,,,,,
2022/8/11,4196,4130,4199.8,4113.8,66408,1.524339662,4196,4186,4195.6,-1,-10,-0.4,10,-10,,,,,,,
2022/8/12,4195.6,4186,4207.2,4176,46162,1.471236073,4195.6,4175.2,4182.8,-1,-20.4,-12.8,20.4,-20.4,,,,,,,
2022/8/15,4182.8,4175.2,4226.8,4175.2,52122,1.362162302,4182.8,4192.6,4173,-1,9.8,-9.8,-9.8,9.8,,,,,,,
2022/8/16,4173,4192.6,4214.2,4166.2,46496,-2.63093479,4173,4183,4214.2,-1,10,41.2,-10,10,,,,,,,
2022/8/17,4214.2,4183,4229.2,4150,53700,6.642770705,4214.2,4201,4179,-1,-13.2,-35.2,13.2,-13.2,,,,,,,
2022/8/18,4179,4201,4214,4170.2,36548,7.393423759,4179,4171.6,4142,1,-7.4,-37,-7.4,-7.4,,,,,,,
2022/8/19,4142,4171.6,4184.8,4138.2,67559,3.137759474,4142,4132.4,4168.2,1,-9.6,26.2,-9.6,-9.6,,,,,,,
2022/8/22,4168.2,4132.4,4184.8,4127.2,68608,3.223792326,4168.2,4173.8,4154.6,1,5.6,-13.6,5.6,5.6,,,,,,,
2022/8/23,4154.6,4173.8,4187.8,4133.8,65957,9.321333755,4154.6,4163,4080.2,1,8.4,-74.4,8.4,8.4,,,,,,,
2022/8/24,4080.2,4163,4173.8,4066.2,77943,3.774213697,4080.2,4093.8,4115,1,13.6,34.8,13.6,13.6,,,,,,,
2022/8/25,4115,4093.8,4122.2,4058.4,75653,8.333158361,4115,4123.8,4107.4,1,8.8,-7.6,8.8,8.8,,,,,,,
2022/8/26,4107.4,4123.8,4136,4100,58631,1.721492669,4107.4,4070.2,4084,1,-37.2,-23.4,-37.2,-37.2,,,,,,,
2022/8/29,4084,4070.2,4098.2,4060.4,62059,4.63657517,4084,4085,4076.6,-1,1,-7.4,-1,1,,,,,,,
2022/8/30,4076.6,4085,4092,4036,68136,3.405798079,4076.6,4066,4081.4,1,-10.6,4.8,-10.6,-10.6,,,,,,,
2022/8/31,4081.4,4066,4123.2,4050.2,87472,3.75139474,4081.4,4069.4,4043.6,1,-12,-37.8,-12,-12,,,,,,,
2022/9/1,4043.6,4069.4,4093.8,4034,64657,-0.335065252,4043.6,4051.2,4020.2,1,7.6,-23.4,7.6,7.6,,,,,,,
2022/9/2,4020.2,4051.2,4056.8,3998.8,63940,-4.446838925,4020.2,4006,4017.6,-1,-14.2,-2.6,14.2,-14.2,,,,,,,
2022/9/5,4017.6,4006,4018.8,3975,61074,-2.04088227,4017.6,4023.8,4046.8,-1,6.2,29.2,-6.2,6.2,,,,,,,
2022/9/6,4046.8,4023.8,4052,4009,63393,0.056881136,4046.8,4032,4055.8,-1,-14.8,9,14.8,-14.8,,,,,,,
2022/9/7,4055.8,4032,4068.6,4029.4,51796,-2.515501261,4055.8,4065,4038.8,-1,9.2,-17,-9.2,9.2,,,,,,,
2022/9/8,4038.8,4065,4070,4036.6,49176,-6.060239281,4038.8,4048.6,4098.2,-1,9.8,59.4,-9.8,9.8,,,,,,,
2022/9/9,4098.2,4048.6,4106.8,4045.4,66685,-2.025992646,4098.2,4102,4109.2,-1,3.8,11,-3.8,3.8,,,,,,,
2022/9/13,4109.2,4102,4134.4,4101.8,58759,-0.108374973,4109.2,4072.2,4068.8,-1,-37,-40.4,37,-37,,,,,,,
2022/9/14,4068.8,4072.2,4096,4054,58786,1.394101789,4068.8,4075,4029.8,-1,6.2,-39,-6.2,6.2,,,,,,,
2022/9/15,4029.8,4075,4086.6,4005.8,52957,-1.962426073,4029.8,4015,3956,-1,-14.8,-73.8,14.8,-14.8,,,,,,,
2022/9/16,3956,4015,4029,3953,25347,2.006230586,3956,3931,3929,-1,-25,-27,25,-25,,,,,,,
2022/9/19,3929,3931,3953.8,3912.2,57041,3.055820289,3929,3949,3928.6,1,20,-0.4,20,20,,,,,,,
2022/9/20,3928.6,3949,3962.2,3918.6,48153,4.655850115,3928.6,3921.2,3896.6,1,-7.4,-32,-7.4,-7.4,,,,,,,
2022/9/21,3896.6,3921.2,3928,3880.4,61356,-3.458302233,3896.6,3879.2,3870,1,-17.4,-26.6,-17.4,-17.4,,,,,,,
2022/9/22,3870,3879.2,3902,3854.4,55703,2.706517305,3870,3866,3864.4,-1,-4,-5.6,4,-4,,,,,,,
2022/9/23,3864.4,3866,3895,3828.4,77120,-0.411736315,3864.4,3840.8,3841.4,1,-23.6,-23,-23.6,-23.6,,,,,,,
2022/9/26,3841.4,3840.8,3902.8,3834.2,71042,0.639317628,3841.4,3852.6,3890.2,-1,11.2,48.8,-11.2,11.2,,,,,,,
2022/9/27,3890.2,3852.6,3900.8,3833.6,62815,2.578280102,3890.2,3880,3836.6,-1,-10.2,-53.6,10.2,-10.2,,,,,,,
2022/9/28,3836.6,3880,3880.2,3832.2,61760,3.561194761,3836.6,3868.2,3837.6,1,31.6,1,31.6,31.6,,,,,,,
2022/9/29,3837.6,3868.2,3883.4,3813.4,64364,3.272208012,3837.6,3849.2,3808.4,1,11.6,-29.2,11.6,11.6,,,,,,,
2022/9/30,3808.4,3849.2,3860.8,3804,64036,2.789952386,3808.4,3812,3728.2,1,3.6,-80.2,3.6,3.6,,,,,,,
2022/10/10,3728.2,3812,3816.8,3714,62662,6.614104468,3728.2,3736,3726.8,1,7.8,-1.4,7.8,7.8,,,,,,,
2022/10/11,3726.8,3736,3745.8,3712.6,54148,-1.710876894,3726.8,3724.6,3784.6,1,-2.2,57.8,-2.2,-2.2,,,,,,,
2022/10/12,3784.6,3724.6,3786.6,3656,80735,8.232019884,3784.6,3761,3754.8,-1,-23.6,-29.8,23.6,-23.6,,,,,,,
2022/10/13,3754.8,3761,3788.2,3745.8,63905,-0.612586006,3754.8,3785.4,3841.4,1,30.6,86.6,30.6,30.6,,,,,,,
2022/10/14,3841.4,3785.4,3865,3785,68747,-6.567590483,3841.4,3830,3837.4,-1,-11.4,-4,11.4,-11.4,,,,,,,
2022/10/17,3837.4,3830,3846.8,3808,52794,4.171211611,3837.4,3862,3835.4,-1,24.6,-2,-24.6,24.6,,,,,,,
2022/10/18,3835.4,3862,3869.8,3823.6,54543,8.180003431,3835.4,3825.8,3775.2,1,-9.6,-60.2,-9.6,-9.6,,,,,,,
2022/10/19,3775.2,3825.8,3843,3771.2,50144,4.73374513,3775.2,3754.2,3761,1,-21,-14.2,-21,-21,,,,,,,
2022/10/20,3761,3754.2,3812.4,3729,43476,4.896367234,3761,3756.6,3734.4,1,-4.4,-26.6,-4.4,-4.4,,,,,,,
2022/10/21,3734.4,3756.6,3770,3716.4,58095,7.595545959,3734.4,3721.2,3631,1,-13.2,-103.4,-13.2,-13.2,,,,,,,
2022/10/24,3631,3721.2,3772.6,3605,89848,9.063304515,3631,3632,3626.6,1,1,-4.4,1,1,,,,,,,
2022/10/25,3626.6,3632,3684.8,3599.2,84952,10.72637619,3626.6,3632,3656.4,1,5.4,29.8,5.4,5.4,,,,,,,
2022/10/26,3656.4,3632,3712.2,3632,79594,11.29889623,3656.4,3678,3633,1,21.6,-23.4,21.6,21.6,,,,,,,
2022/10/27,3633,3678,3697,3631,73222,9.235072956,3633,3624.2,3544.6,1,-8.8,-88.4,-8.8,-8.8,,,,,,,
2022/10/28,3544.6,3624.2,3627.6,3535.6,81563,6.602061997,3544.6,3513,3505.4,1,-31.6,-39.2,-31.6,-31.6,,,,,,,
2022/10/31,3505.4,3513,3561.6,3492.2,82504,7.871084957,3505.4,3530.2,3648.4,1,24.8,143,24.8,24.8,,,,,,,
2022/11/1,3648.4,3530.2,3649.4,3523.6,95812,13.11731605,3648.4,3634.4,3680.2,1,-14,31.8,-14,-14,,,,,,,
2022/11/2,3680.2,3634.4,3713,3625.2,81700,7.773522898,3680.2,3661,3651.4,1,-19.2,-28.8,-19.2,-19.2,,,,,,,
2022/11/3,3651.4,3661,3676.2,3633,64953,-16.53036836,3651.4,3652.6,3781.2,1,1.2,129.8,1.2,1.2,,,,,,,
2022/11/4,3781.2,3652.6,3798.6,3652.6,84098,-6.020106567,3781.2,3762.8,3781.8,-1,-18.4,0.6,18.4,-18.4,,,,,,,
2022/11/7,3781.8,3762.8,3802.8,3757.2,66054,2.746930958,3781.8,3783.6,3756.6,-1,1.8,-25.2,-1.8,1.8,,,,,,,
2022/11/8,3756.6,3783.6,3789.6,3734.2,58752,9.56985801,3756.6,3761.2,3712.2,1,4.6,-44.4,4.6,4.6,,,,,,,
2022/11/9,3712.2,3761.2,3772.2,3712,59046,5.872019927,3712.2,3696.6,3694,1,-15.6,-18.2,-15.6,-15.6,,,,,,,
2022/11/10,3694,3696.6,3712.8,3671.6,63498,2.273042005,3694,3798.4,3793.2,1,104.4,99.2,104.4,104.4,,,,,,,
2022/11/11,3793.2,3798.4,3845.8,3755.8,91073,8.057875209,3793.2,3838.8,3794,1,45.6,0.8,45.6,45.6,,,,,,,
2022/11/14,3794,3838.8,3862.2,3785.2,70235,-11.88525852,3794,3789,3868,1,-5,74,-5,-5,,,,,,,
2022/11/15,3868,3789,3879.8,3779.8,68192,-2.46546515,3868,3856,3838.8,-1,-12,-29.2,12,-12,,,,,,,
2022/11/16,3838.8,3856,3881.8,3834,50339,-9.715989182,3838.8,3828,3817.2,-1,-10.8,-21.6,10.8,-10.8,,,,,,,
2022/11/17,3817.2,3828,3828.4,3776.8,40983,6.58871541,3817.2,3833,3812,-1,15.8,-5.2,-15.8,15.8,,,,,,,
2022/11/18,3812,3833,3850,3805,83229,3.756704513,3812,3775.2,3779.2,1,-36.8,-32.8,-36.8,-36.8,,,,,,,
2022/11/21,3779.2,3775.2,3781.8,3734.2,76464,11.99947774,3779.2,3781.2,3775.8,1,2,-3.4,2,2,,,,,,,
2022/11/22,3775.8,3781.2,3819.8,3751.8,84648,4.026362563,3775.8,3766.4,3780.8,1,-9.4,5,-9.4,-9.4,,,,,,,
2022/11/23,3780.8,3766.4,3805,3760.4,79987,6.512118825,3780.8,3801.8,3761,1,21,-19.8,21,21,,,,,,,
2022/11/24,3761,3801.8,3818,3756,70279,-4.622106834,3761,3760.4,3782.2,1,-0.6,21.2,-0.6,-0.6,,,,,,,
2022/11/25,3782.2,3760.4,3802.6,3751,77374,-0.475410651,3782.2,3701,3737,-1,-81.2,-45.2,81.2,-81.2,,,,,,,
2022/11/28,3737,3701,3747.4,3672.6,90494,-0.14419858,3737,3770,3858.6,-1,33,121.6,-33,33,,,,,,,
2022/11/29,3858.6,3770,3866.6,3770,96666,1.544784482,3858.6,3850,3860.4,-1,-8.6,1.8,8.6,-8.6,,,,,,,
2022/11/30,3860.4,3850,3876,3845.2,66145,6.11544336,3860.4,3935,3905,-1,74.6,44.6,-74.6,74.6,,,,,,,
2022/12/1,3905,3935,3965,3904,78292,-1.864256143,3905,3900,3883.6,1,-5,-21.4,-5,-5,,,,,,,
2022/12/2,3883.6,3900,3915.6,3882.4,63905,-8.852144259,3883.6,3927.8,3948,-1,44.2,64.4,-44.2,44.2,,,,,,,
2022/12/5,3948,3927.8,3954,3906,80125,-9.791512492,3948,3935,3969.8,-1,-13,21.8,13,-13,,,,,,,
2022/12/6,3969.8,3935,3996.4,3933.2,80441,-0.239480902,3969.8,3964.4,3958.2,-1,-5.4,-11.6,5.4,-5.4,,,,,,,
2022/12/7,3958.2,3964.4,4012.6,3944,84827,-5.649751416,3958.2,3960,3970.6,-1,1.8,12.4,-1.8,1.8,,,,,,,
2022/12/8,3970.6,3960,3979.8,3947,65455,-10.71891737,3970.6,3971.6,4005,-1,1,34.4,-1,1,,,,,,,
2022/12/9,4005,3971.6,4015.4,3952.2,81252,6.011332239,4005,3985,3963.2,-1,-20,-41.8,20,-20,,,,,,,
2022/12/12,3963.2,3985,3989.8,3958.2,69509,-1.198060885,3963.2,3963.2,3950.6,1,0,-12.6,0,0,,,,,,,
2022/12/13,3950.6,3963.2,3974.6,3946.2,60034,-5.982069164,3950.6,3950.8,3960.8,-1,0.2,10.2,-0.2,0.2,,,,,,,
2022/12/14,3960.8,3950.8,3979,3940.6,67134,0.626004932,3960.8,3965,3953.4,-1,4.2,-7.4,-4.2,4.2,,,,,,,
2022/12/15,3953.4,3965,3970.4,3930.6,53638,-2.535225076,3953.4,3930,3939,-1,-23.4,-14.4,23.4,-23.4,,,,,,,
2022/12/16,3939,3930,3959.6,3930,29425,8.378280793,3939,3971,3910.8,-1,32,-28.2,-32,32,,,,,,,
2022/12/19,3910.8,3971,3989.8,3895.4,74370,11.21217211,3910.8,3900,3852,1,-10.8,-58.8,-10.8,-10.8,,,,,,,
2022/12/20,3852,3900,3903.2,3827.4,69751,5.512777885,3852,3859.6,3846,1,7.6,-6,7.6,7.6,,,,,,,
2022/12/21,3846,3859.6,3866,3835,51235,6.199596735,3846,3870,3855,1,24,9,24,24,,,,,,,
2022/12/22,3855,3870,3897.8,3835,64856,-1.855308228,3855,3835,3846,1,-20,-9,-20,-20,,,,,,,
2022/12/23,3846,3835,3871,3826.2,61037,0.785056359,3846,3850,3853,-1,4,7,-4,4,,,,,,,
2022/12/26,3853,3850,3878.6,3847.8,46893,-5.28620652,3853,3882,3900,-1,29,47,-29,29,,,,,,,
2022/12/27,3900,3882,3907.2,3874,51821,-2.28420145,3900,3889.2,3885,-1,-10.8,-15,10.8,-10.8,,,,,,,
2022/12/28,3885,3889.2,3897.4,3868.4,48467,-2.401035173,3885,3868,3868.2,-1,-17,-16.8,17,-17,,,,,,,
2022/12/29,3868.2,3868,3881,3845,50936,-2.758293316,3868.2,3885,3879.4,-1,16.8,11.2,-16.8,16.8,,,,,,,
2022/12/30,3879.4,3885,3898.8,3877.8,44711,,3879.4,3861,3894.2,-1,0,0,0,0,,,,,,,
2023/1/3,3894.2,3861,3909.6,3834.4,67115,-2.096488127,,,,,,,,,,,,,,,
2023/1/4,3898,3897.4,3911,3876.6,52123,-0.003038668,3898,3923.8,3974.4,1,25.8,76.4,25.8,76.4,,3897.4,3898,,-1,0.6,-0.6
2023/1/5,3974.4,3923.8,3982.6,3918,65791,-1.584727193,3974.4,3975.2,3990.8,1,0.8,16.4,0.8,16.4,,3923.8,3974.4,,-1,50.6,-50.6
2023/1/6,3990.8,3975.2,4008,3972,55649,0.387971298,3990.8,4008,4011.6,1,17.2,20.8,17.2,20.8,,3975.2,3990.8,,-1,15.6,-15.6
2023/1/9,4011.6,4008,4032,3996.8,56555,-2.196176161,4011.6,4014,4018,1,2.4,6.4,2.4,6.4,,4008,4011.6,,-1,3.6,-3.6
2023/1/10,4018,4014,4037.8,4003.4,48658,-2.504217146,4018,4022,4017.2,1,4,-0.8,4,-0.8,,4014,4018,,-1,4,-4
2023/1/11,4017.2,4022,4048.2,4012.4,50080,5.62133151,4017.2,4029.6,4024.6,1,12.4,7.4,12.4,7.4,,4022,4017.2,,-1,-4.8,4.8
2023/1/12,4024.6,4029.6,4038.6,4010.8,45904,1.236573695,4024.6,4037,4090.8,-1,12.4,66.2,-12.4,-66.2,,4029.6,4024.6,,1,-5,-5
2023/1/13,4090.8,4037,4091.8,4033.8,56670,-2.6642812,4090.8,4090.6,4149.6,1,-0.2,58.8,-0.2,58.8,,4037,4090.8,,-1,53.8,-53.8
2023/1/16,4149.6,4090.6,4196,4089.8,76171,-1.222633923,4149.6,4151,4147,1,1.4,-2.6,1.4,-2.6,,4090.6,4149.6,,-1,59,-59
2023/1/17,4147,4151,4160.8,4131.4,45135,-1.37975751,4147,4153,4133.4,1,6,-13.6,6,-13.6,,4151,4147,,-1,-4,4
2023/1/18,4133.4,4153,4161.4,4130,41644,-0.282134428,4133.4,4121.4,4158,1,-12,24.6,-12,24.6,,4153,4133.4,,-1,-19.6,19.6
2023/1/19,4158,4121.4,4162.2,4105,36370,-10.69455914,4158,4169,4180.4,1,11,22.4,11,22.4,,4121.4,4158,,-1,36.6,-36.6
2023/1/20,4180.4,4169,4187.8,4158.8,17201,-3.01413453,4180.4,4280,4208,1,99.6,27.6,99.6,27.6,,4169,4180.4,,-1,11.4,-11.4
2023/1/30,4208,4280,4282.8,4204.4,55785,9.594539642,4208,4215,4169.6,1,7,-38.4,7,-38.4,,4280,4208,,-1,-72,72
2023/1/31,4169.6,4215,4229,4166,51977,8.2938814,4169.6,4180,4198,-1,10.4,28.4,-10.4,-28.4,,4215,4169.6,,1,-45.4,-45.4
2023/2/1,4198,4180,4200.4,4144.2,61669,-5.805847247,4198,4210,4185.6,-1,12,-12.4,-12,12.4,,4180,4198,,1,18,18
2023/2/2,4185.6,4210,4211.6,4171,57283,6.403890751,4185.6,4165.4,4143.8,1,-20.2,-41.8,-20.2,-41.8,,4210,4185.6,,-1,-24.4,24.4
2023/2/3,4143.8,4165.4,4166,4106.2,64614,6.637529086,4143.8,4110,4086.6,-1,-33.8,-57.2,33.8,57.2,,4165.4,4143.8,,1,-21.6,-21.6
2023/2/6,4086.6,4110,4111,4062.6,59182,8.906281093,4086.6,4100,4096.2,-1,13.4,9.6,-13.4,-9.6,,4110,4086.6,,1,-23.4,-23.4
2023/2/7,4096.2,4100,4107.4,4074.2,50081,5.650118247,4096.2,4103,4076.4,-1,6.8,-19.8,-6.8,19.8,,4100,4096.2,,1,-3.8,-3.8
2023/2/8,4076.4,4103,4117,4071,45696,8.183316147,4076.4,4068,4133.8,-1,-8.4,57.4,8.4,-57.4,,4103,4076.4,,1,-26.6,-26.6
2023/2/9,4133.8,4068,4140,4068,58534,-1.781422127,4133.8,4125.6,4107.6,-1,-8.2,-26.2,8.2,26.2,,4068,4133.8,,1,65.8,65.8
2023/2/10,4107.6,4125.6,4126.8,4089.6,46236,0.682154855,4107.6,4093.8,4139,1,-13.8,31.4,-13.8,31.4,,4125.6,4107.6,,-1,-18,18
2023/2/13,4139,4093.8,4145.4,4085.8,51082,-4.423037061,4139,4147,4150,1,8,11,8,11,,4093.8,4139,,-1,45.2,-45.2
2023/2/14,4150,4147,4152,4122.6,40609,-3.032992535,4150,4152.6,4120.4,1,2.6,-29.6,2.6,-29.6,,4147,4150,,-1,3,-3
2023/2/15,4120.4,4152.6,4160.4,4112.2,39710,-1.046499428,4120.4,4130,4090,1,9.6,-30.4,9.6,-30.4,,4152.6,4120.4,,-1,-32.2,32.2
2023/2/16,4090,4130,4175.2,4067.6,39699,7.947826265,4090,4099,4034.6,1,9,-55.4,9,-55.4,,4130,4090,,-1,-40,40
2023/2/17,4034.6,4099,4114,4032.4,80888,6.834241669,4034.6,4049,4146.8,-1,14.4,112.2,-14.4,-112.2,,4099,4034.6,,1,-64.4,-64.4
2023/2/20,4146.8,4049,4148.6,4036.6,87814,3.751027023,4146.8,4140,4149.4,-1,-6.8,2.6,6.8,-2.6,,4049,4146.8,,1,97.8,97.8
2023/2/21,4149.4,4140,4162.4,4124.8,66790,4.046687648,4149.4,4131,4109.8,-1,-18.4,-39.6,18.4,39.6,,4140,4149.4,,1,9.4,9.4
2023/2/22,4109.8,4131,4146.2,4102.4,65244,1.557522805,4109.8,4116,4108.2,-1,6.2,-1.6,-6.2,1.6,,4131,4109.8,,1,-21.2,-21.2
2023/2/23,4108.2,4116,4136,4089,69947,0.226974012,4108.2,4103,4067.6,1,-5.2,-40.6,-5.2,-40.6,,4116,4108.2,,-1,-7.8,7.8
2023/2/24,4067.6,4103,4107.6,4046,71007,-1.390458654,4067.6,4050,4051.4,1,-17.6,-16.2,-17.6,-16.2,,4103,4067.6,,-1,-35.4,35.4
2023/2/27,4051.4,4050,4071.8,4035.4,61240,0.676703506,4051.4,4068,4079.2,1,16.6,27.8,16.6,27.8,,4050,4051.4,,-1,1.4,-1.4
2023/2/28,4079.2,4068,4086.2,4026,69154,0.218193179,4079.2,4073,4133.2,1,-6.2,54,-6.2,54,,4068,4079.2,,-1,11.2,-11.2
2023/3/1,4133.2,4073,4148,4068.4,85366,0.034319396,4133.2,4124,4126.6,1,-9.2,-6.6,-9.2,-6.6,,4073,4133.2,,-1,60.2,-60.2
2023/3/2,4126.6,4124,4145,4121,51643,-0.503362311,4126.6,4144.2,4134.4,1,17.6,7.8,17.6,7.8,,4124,4126.6,,-1,2.6,-2.6
2023/3/3,4134.4,4144.2,4147.8,4105.2,58882,-3.844325827,4134.4,4132.2,4103,1,-2.2,-31.4,-2.2,-31.4,,4144.2,4134.4,,-1,-9.8,9.8
2023/3/6,4103,4132.2,4135,4086.4,67917,2.026230309,4103,4097.4,4047.2,1,-5.6,-55.8,-5.6,-55.8,,4132.2,4103,,-1,-29.2,29.2
2023/3/7,4047.2,4097.4,4125.2,4044.6,82731,6.000621283,4047.2,4030,4034.8,-1,-17.2,-12.4,17.2,12.4,,4097.4,4047.2,,1,-50.2,-50.2
2023/3/8,4034.8,4030,4042.8,4015,57287,0.856011194,4034.8,4037,4023,-1,2.2,-11.8,-2.2,11.8,,4030,4034.8,,1,4.8,4.8
2023/3/9,4023,4037,4043.6,3998.6,64588,1.908443691,4023,3996.8,3965.6,1,-26.2,-57.4,-26.2,-57.4,,4037,4023,,-1,-14,14
2023/3/10,3965.6,3996.8,4011,3962.2,74361,2.077156358,3965.6,3973.6,4010,1,8,44.4,8,44.4,,3996.8,3965.6,,-1,-31.2,31.2
2023/3/13,4010,3973.6,4014.6,3973,70723,-0.336122234,4010,3998,3988.8,-1,-12,-21.2,12,21.2,,3973.6,4010,,1,36.4,36.4
2023/3/14,3988.8,3998,4004.6,3950.6,74234,2.196278293,3988.8,4017.2,3986.4,1,28.4,-2.4,28.4,-2.4,,3998,3988.8,,-1,-9.2,9.2
2023/3/15,3986.4,4017.2,4024.2,3983.2,59629,1.729675237,3986.4,3956,3941,-1,-30.4,-45.4,30.4,45.4,,4017.2,3986.4,,1,-30.8,-30.8
2023/3/16,3941,3956,3987.6,3935.6,48932,-0.87092364,3941,3963.4,3974.6,1,22.4,33.6,22.4,33.6,,3956,3941,,-1,-15,15
2023/3/17,3974.6,3963.4,4008.8,3958.6,26726,-1.354775555,3974.6,3967,3945.6,1,-7.6,-29,-7.6,-29,,3963.4,3974.6,,-1,11.2,-11.2
2023/3/20,3945.6,3967,3989,3938.6,60635,0.748550068,3945.6,3958,3988.6,1,12.4,43,12.4,43,,3967,3945.6,,-1,-21.4,21.4
2023/3/21,3988.6,3958,3992.8,3954.4,60019,1.468130217,3988.6,4000,4003.2,1,11.4,14.6,11.4,14.6,,3958,3988.6,,-1,30.6,-30.6
2023/3/22,4003.2,4000,4022.4,3989.8,57032,-0.275390807,4003.2,3993,4044.6,1,-10.2,41.4,-10.2,41.4,,4000,4003.2,,-1,3.2,-3.2
2023/3/23,4044.6,3993,4045.6,3991.6,59961,-5.241214793,4044.6,4034.6,4040.6,1,-10,-4,-10,-4,,3993,4044.6,,-1,51.6,-51.6
2023/3/24,4040.6,4034.6,4047.8,4025.6,49595,-1.564106425,4040.6,4033,4019,1,-7.6,-21.6,-7.6,-21.6,,4034.6,4040.6,,-1,6,-6
2023/3/27,4019,4033,4035,3997.8,56951,-2.873461986,4019,4028.8,4009.4,1,9.8,-9.6,9.8,-9.6,,4033,4019,,-1,-14,14
2023/3/28,4009.4,4028.8,4032.4,4004.4,49393,1.971851655,4009.4,4030.2,4009,1,20.8,-0.4,20.8,-0.4,,4028.8,4009.4,,-1,-19.4,19.4
2023/3/29,4009,4030.2,4032.8,4003,53718,-0.530431637,4009,4015,4052.8,1,6,43.8,6,43.8,,4030.2,4009,,-1,-21.2,21.2
2023/3/30,4052.8,4015,4054.2,3993.4,73120,-1.548097489,4052.8,4060,4063.8,1,7.2,11,7.2,11,,4015,4052.8,,-1,37.8,-37.8
2023/3/31,4063.8,4060,4077.2,4052.2,54614,-1.498743151,4063.8,4071.8,4091.2,1,8,27.4,8,27.4,,4060,4063.8,,-1,3.8,-3.8
2023/4/3,4091.2,4071.8,4104.4,4063.8,58173,-1.234353048,4091.2,4092.2,4111.8,1,1,20.6,1,20.6,,4071.8,4091.2,,-1,19.4,-19.4
2023/4/4,4111.8,4092.2,4114,4082,51624,-1.616257347,4111.8,4095.8,4098,1,-16,-13.8,-16,-13.8,,4092.2,4111.8,,-1,19.6,-19.6
2023/4/6,4098,4095.8,4105.8,4085.6,42778,-1.264802434,4098,4103.8,4128.2,1,5.8,30.2,5.8,30.2,,4095.8,4098,,-1,2.2,-2.2
2023/4/7,4128.2,4103.8,4141,4097.4,45932,0.386758874,4128.2,4138,4112.4,1,9.8,-15.8,9.8,-15.8,,4103.8,4128.2,,-1,24.4,-24.4
2023/4/10,4112.4,4138,4141,4109.2,47281,3.412835458,4112.4,4116.6,4102.2,1,4.2,-10.2,4.2,-10.2,,4138,4112.4,,-1,-25.6,25.6
2023/4/11,4102.2,4116.6,4124.6,4088.8,48196,1.043571186,4102.2,4107.8,4097.2,-1,5.6,-5,-5.6,5,,4116.6,4102.2,,1,-14.4,-14.4
2023/4/12,4097.2,4107.8,4109.4,4091,40891,0.510419991,4097.2,4083.2,4073.8,1,-14,-23.4,-14,-23.4,,4107.8,4097.2,,-1,-10.6,10.6
2023/4/13,4073.8,4083.2,4096,4065.4,52447,6.055330875,4073.8,4086,4095,1,12.2,21.2,12.2,21.2,,4083.2,4073.8,,-1,-9.4,9.4
2023/4/14,4095,4086,4105,4081.2,48160,0.722247445,4095,4093.4,4153.6,-1,-1.6,58.6,1.6,-58.6,,4086,4095,,1,9,9
2023/4/17,4153.6,4093.4,4155,4090.6,52990,-1.063823048,4153.6,4142.6,4161.4,1,-11,7.8,-11,7.8,,4093.4,4153.6,,-1,60.2,-60.2
2023/4/18,4161.4,4142.6,4173,4142.6,43177,-0.200406791,4161.4,4160,4125.2,1,-1.4,-36.2,-1.4,-36.2,,4142.6,4161.4,,-1,18.8,-18.8
2023/4/19,4125.2,4160,4162.2,4123.4,41605,4.051810782,4125.2,4125.6,4105.2,1,0.4,-20,0.4,-20,,4160,4125.2,,-1,-34.8,34.8
2023/4/20,4105.2,4125.6,4130.2,4098,34677,-3.387460462,4105.2,4112,4055.8,-1,6.8,-49.4,-6.8,49.4,,4125.6,4105.2,,1,-20.4,-20.4
2023/4/21,4055.8,4112,4113,4053.4,17916,3.641392768,4055.8,4048.6,3991,1,-7.2,-64.8,-7.2,-64.8,,4112,4055.8,,-1,-56.2,56.2
2023/4/24,3991,4048.6,4048.6,3972,59721,1.736791223,3991,3993,3970.2,-1,2,-20.8,-2,20.8,,4048.6,3991,,1,-57.6,-57.6
2023/4/25,3970.2,3993,3998.4,3935.4,66121,-0.163102923,3970.2,3962.2,3964.6,1,-8,-5.6,-8,-5.6,,3993,3970.2,,-1,-22.8,22.8
2023/4/26,3964.6,3962.2,3981,3949,53023,3.662001449,3964.6,3957.4,3998,1,-7.2,33.4,-7.2,33.4,,3962.2,3964.6,,-1,2.4,-2.4
2023/4/27,3998,3957.4,4012,3951,50319,1.815417932,3998,3999,4031.6,-1,1,33.6,-1,-33.6,,3957.4,3998,,1,40.6,40.6
2023/4/28,4031.6,3999,4038.4,3999,45577,0.400603496,4031.6,4017.4,4033.6,1,-14.2,2,-14.2,2,,3999,4031.6,,-1,32.6,-32.6
2023/5/4,4033.6,4017.4,4036.2,4005.4,43551,-0.922017716,4033.6,4037.6,4017.8,1,4,-15.8,4,-15.8,,4017.4,4033.6,,-1,16.2,-16.2
2023/5/5,4017.8,4037.6,4047,3996,48839,3.789186813,4017.8,4030,4058,1,12.2,40.2,12.2,40.2,,4037.6,4017.8,,-1,-19.8,19.8
2023/5/8,4058,4030,4070,4020.4,50538,-4.178741551,4058,4061.6,4026.8,-1,3.6,-31.2,-3.6,31.2,,4030,4058,,1,28,28
2023/5/9,4026.8,4061.6,4092,4026,62479,4.400160051,4026.8,4029,3997.8,1,2.2,-29,2.2,-29,,4061.6,4026.8,,-1,-34.8,34.8
2023/5/10,3997.8,4029,4029,3990.4,56398,3.724537175,3997.8,4008,3990.2,-1,10.2,-7.6,-10.2,7.6,,4029,3997.8,,1,-31.2,-31.2
2023/5/11,3990.2,4008,4018,3987.2,38175,2.694411419,3990.2,3990,3937.4,-1,-0.2,-52.8,0.2,52.8,,4008,3990.2,,1,-17.8,-17.8
2023/5/12,3937.4,3990,4004.8,3935.4,48740,5.7239483,3937.4,3937,4001,-1,-0.4,63.6,0.4,-63.6,,3990,3937.4,,1,-52.6,-52.6
2023/5/15,4001,3937,4004.6,3930.2,55131,-0.629208989,4001,3999.6,3986.2,-1,-1.4,-14.8,1.4,14.8,,3937,4001,,1,64,64
2023/5/16,3986.2,3999.6,4008.8,3970.2,40893,3.33145402,3986.2,3980.6,3960.2,1,-5.6,-26,-5.6,-26,,3999.6,3986.2,,-1,-13.4,13.4
2023/5/17,3960.2,3980.6,3991,3950.2,37037,-2.131202375,3960.2,3966,3953.8,-1,5.8,-6.4,-5.8,6.4,,3980.6,3960.2,,1,-20.4,-20.4
2023/5/18,3953.8,3966,3986,3934.6,35267,-2.45953312,3953.8,3932.8,3937.8,1,-21,-16,-21,-16,,3966,3953.8,,-1,-12.2,12.2
2023/5/19,3937.8,3932.8,3962.6,3915,65716,-2.409411092,3937.8,3937.8,3957.6,1,0,19.8,0,19.8,,3932.8,3937.8,,-1,5,-5
2023/5/22,3957.6,3937.8,3982.4,3925,72744,-0.820101032,3957.6,3957,3896.2,1,-0.6,-61.4,-0.6,-61.4,,3937.8,3957.6,,-1,19.8,-19.8
2023/5/23,3896.2,3957,3968,3894.2,66911,7.032704868,3896.2,3887.2,3847.4,1,-9,-48.8,-9,-48.8,,3957,3896.2,,-1,-60.8,60.8
2023/5/24,3847.4,3887.2,3893.8,3843.6,77188,2.798488821,3847.4,3840,3833,-1,-7.4,-14.4,7.4,14.4,,3887.2,3847.4,,1,-39.8,-39.8
2023/5/25,3833,3840,3849.6,3802.2,75231,-1.418634011,3833,3830,3841,-1,-3,8,3,-8,,3840,3833,,1,-7,-7
2023/5/26,3841,3830,3852,3800.2,68105,1.73467334,3841,3860,3825,1,19,-16,19,-16,,3830,3841,,-1,11,-11
2023/5/29,3825,3860,3863,3807,59031,2.969744523,3825,3822,3825.6,1,-3,0.6,-3,0.6,,3860,3825,,-1,-35,35
2023/5/30,3825.6,3822,3837.4,3775.6,76974,-2.993558998,3825.6,3811.2,3790.6,-1,-14.4,-35,14.4,35,,3822,3825.6,,1,3.6,3.6
2023/5/31,3790.6,3811.2,3816.6,3770.8,65127,-3.505465537,3790.6,3786,3798,1,-4.6,7.4,-4.6,7.4,,3811.2,3790.6,,-1,-20.6,20.6
2023/6/1,3798,3786,3832,3783.2,71060,-2.564726498,3798,3820,3850.4,1,22,52.4,22,52.4,,3786,3798,,-1,12,-12
2023/6/2,3850.4,3820,3863,3819,63645,0.500894239,3850.4,3850.4,3833.8,1,0,-16.6,0,-16.6,,3820,3850.4,,-1,30.4,-30.4
2023/6/5,3833.8,3850.4,3851.8,3821,48216,-1.362337337,3833.8,3830,3794,1,-3.8,-39.8,-3.8,-39.8,,3850.4,3833.8,,-1,-16.6,16.6
2023/6/6,3794,3830,3864.8,3790.4,73642,2.020787483,3794,3806.8,3781.8,1,12.8,-12.2,12.8,-12.2,,3830,3794,,-1,-36,36
2023/6/7,3781.8,3806.8,3815.2,3768.8,63556,-1.90130221,3781.8,3786,3811,-1,4.2,29.2,-4.2,-29.2,,3806.8,3781.8,,1,-25,-25
2023/6/8,3811,3786,3831,3767.6,67626,-3.869714204,3811,3819.6,3832.8,1,8.6,21.8,8.6,21.8,,3786,3811,,-1,25,-25
2023/6/9,3832.8,3819.6,3836,3808.4,56763,0.230466487,3832.8,3820.4,3833.6,1,-12.4,0.8,-12.4,0.8,,3819.6,3832.8,,-1,13.2,-13.2
2023/6/12,3833.6,3820.4,3858,3812.8,64722,-0.713879682,3833.6,3829,3862.6,1,-4.6,29,-4.6,29,,3820.4,3833.6,,-1,13.2,-13.2
2023/6/13,3862.6,3829,3868,3828,60923,-1.544908776,3862.6,3870.6,3860.6,1,8,-2,8,-2,,3829,3862.6,,-1,33.6,-33.6
2023/6/14,3860.6,3870.6,3889.2,3858.2,60143,0.419691236,3860.6,3873,3924.2,1,12.4,63.6,12.4,63.6,,3870.6,3860.6,,-1,-10,10
2023/6/15,3924.2,3873,3925.8,3868.4,49804,-4.515861346,3924.2,3929,3958,1,4.8,33.8,4.8,33.8,,3873,3924.2,,-1,51.2,-51.2
2023/6/16,3958,3929,3959.8,3925.8,24354,-4.0750095,3958,3927,3901.4,1,-31,-56.6,-31,-56.6,,3929,3958,,-1,29,-29
2023/6/19,3901.4,3927,3928.4,3895.8,48141,1.482954117,3901.4,3900,3893,1,-1.4,-8.4,-1.4,-8.4,,3927,3901.4,,-1,-25.6,25.6
2023/6/20,3893,3900,3913,3888.6,45090,-0.360680162,3893,3878,3833.8,1,-15,-59.2,-15,-59.2,,3900,3893,,-1,-7,7
2023/6/21,3833.8,3878,3890,3833,56262,6.422297728,3833.8,3813.4,3792.8,1,-20.4,-41,-20.4,-41,,3878,3833.8,,-1,-44.2,44.2
2023/6/26,3792.8,3813.4,3818,3777.4,61332,3.426860887,3792.8,3798.2,3817,-1,5.4,24.2,-5.4,-24.2,,3813.4,3792.8,,1,-20.6,-20.6
2023/6/27,3817,3798.2,3827.8,3783.4,52693,6.670810137,3817,3808,3822,-1,-9,5,9,-5,,3798.2,3817,,1,18.8,18.8
2023/6/28,3822,3808,3824.4,3783.2,53180,5.221429468,3822,3828,3805.4,-1,6,-16.6,-6,16.6,,3808,3822,,1,14,14
2023/6/29,3805.4,3828,3828.8,3792.4,45506,2.544939066,3805.4,3802,3827.4,-1,-3.4,22,3.4,-22,,3828,3805.4,,1,-22.6,-22.6
2023/6/30,3827.4,3802,3848.6,3796,49919,-3.109762295,3827.4,3839,3871.8,-1,11.6,44.4,-11.6,-44.4,,3802,3827.4,,1,25.4,25.4
2023/7/3,3871.8,3839,3886.6,3837,52469,-1.194234684,3871.8,3868.8,3880.8,1,-3,9,-3,9,,3839,3871.8,,-1,32.8,-32.8
2023/7/4,3880.8,3868.8,3883.2,3865,33960,-2.338680481,3880.8,3876,3849.6,1,-4.8,-31.2,-4.8,-31.2,,3868.8,3880.8,,-1,12,-12
2023/7/5,3849.6,3876,3880,3844.4,40793,3.259684048,3849.6,3839.6,3821,1,-10,-28.6,-10,-28.6,,3876,3849.6,,-1,-26.4,26.4
2023/7/6,3821,3839.6,3864.4,3816.2,50127,0.058166011,3821,3812.2,3806.2,-1,-8.8,-14.8,8.8,14.8,,3839.6,3821,,1,-18.6,-18.6
2023/7/7,3806.2,3812.2,3825.4,3799,49987,-0.003200042,3806.2,3828.4,3825.4,1,22.2,19.2,22.2,19.2,,3812.2,3806.2,,-1,-6,6
2023/7/10,3825.4,3828.4,3851.6,3812,46327,4.675067509,3825.4,3839.6,3853.2,1,14.2,27.8,14.2,27.8,,3828.4,3825.4,,-1,-3,3
2023/7/11,3853.2,3839.6,3858.2,3828.8,46727,-0.798245726,3853.2,3852.4,3832.2,-1,-0.8,-21,0.8,21,,3839.6,3853.2,,1,13.6,13.6
2023/7/12,3832.2,3852.4,3862.8,3823.2,47835,3.123838946,3832.2,3850.8,3897,1,18.6,64.8,18.6,64.8,,3852.4,3832.2,,-1,-20.2,20.2
2023/7/13,3897,3850.8,3900.6,3848.2,57888,-2.839880236,3897,3903.8,3894.8,-1,6.8,-2.2,-6.8,2.2,,3850.8,3897,,1,46.2,46.2
2023/7/14,3894.8,3903.8,3907,3891,36814,0.781528677,3894.8,3876.2,3860,1,-18.6,-34.8,-18.6,-34.8,,3903.8,3894.8,,-1,-9,9
2023/7/17,3860,3876.2,3884,3845,42822,-2.646290044,3860,3868.2,3855.8,1,8.2,-4.2,8.2,-4.2,,3876.2,3860,,-1,-16.2,16.2
2023/7/18,3855.8,3868.2,3869.8,3841.2,41769,0.025806769,3855.8,3844,3854.8,1,-11.8,-1,-11.8,-1,,3868.2,3855.8,,-1,-12.4,12.4
2023/7/19,3854.8,3844,3862,3832.4,41830,-1.393458402,3854.8,3867.2,3824.8,1,12.4,-30,12.4,-30,,3844,3854.8,,-1,10.8,-10.8
2023/7/20,3824.8,3867.2,3881.6,3818,39880,7.940685235,3824.8,3824.2,3834,1,-0.6,9.2,-0.6,9.2,,3867.2,3824.8,,-1,-42.4,42.4
2023/7/21,3834,3824.2,3861,3816.8,57189,1.851624522,3834,3808.8,3812,-1,-25.2,-22,25.2,22,,3824.2,3834,,1,9.8,9.8
2023/7/24,3812,3808.8,3838.4,3803.2,44306,2.630265234,3812,3877,3926.4,1,65,114.4,65,114.4,,3808.8,3812,,-1,3.2,-3.2
2023/7/25,3926.4,3877,3927.6,3876,70645,4.394985189,3926.4,3919,3915.2,-1,-7.4,-11.2,7.4,11.2,,3877,3926.4,,1,49.4,49.4
2023/7/26,3915.2,3919,3923.8,3903.2,41289,2.368367517,3915.2,3925,3910.4,-1,9.8,-4.8,-9.8,4.8,,3919,3915.2,,1,-3.8,-3.8
2023/7/27,3910.4,3925,3938,3895.8,49250,0.234847255,3910.4,3898,4009.2,-1,-12.4,98.8,12.4,-98.8,,3925,3910.4,,1,-14.6,-14.6
2023/7/28,4009.2,3898,4018,3895,75196,-11.83433077,4009.2,4048,4024.6,1,38.8,15.4,38.8,15.4,,3898,4009.2,,-1,111.2,-111.2
2023/7/31,4024.6,4048,4082,4016.4,73686,-0.254058508,4024.6,4021,4008.6,1,-3.6,-16,-3.6,-16,,4048,4024.6,,-1,-23.4,23.4
2023/8/1,4008.6,4021,4046.4,3997.2,54446,1.878885522,4008.6,3999.6,3976.8,1,-9,-31.8,-9,-31.8,,4021,4008.6,,-1,-12.4,12.4
2023/8/2,3976.8,3999.6,4021.4,3966.8,59550,0.622402053,3976.8,3975.2,4009.4,1,-1.6,32.6,-1.6,32.6,,3999.6,3976.8,,-1,-22.8,22.8
2023/8/3,4009.4,3975.2,4011.8,3972.2,56176,-7.113709014,4009.4,4043.6,4027.6,1,34.2,18.2,34.2,18.2,,3975.2,4009.4,,-1,34.2,-34.2
2023/8/4,4027.6,4043.6,4073,4016.2,79386,4.879004292,4027.6,4012.8,4005.6,1,-14.8,-22,-14.8,-22,,4043.6,4027.6,,-1,-16,16
2023/8/7,4005.6,4012.8,4018,3990.2,48586,1.559405124,4005.6,3991,3988.4,-1,-14.6,-17.2,14.6,17.2,,4012.8,4005.6,,1,-7.2,-7.2
2023/8/8,3988.4,3991,4014.8,3974.6,56269,-0.077964923,3988.4,3979,3983,1,-9.4,-5.4,-9.4,-5.4,,3991,3988.4,,-1,-2.6,2.6
2023/8/9,3983,3979,3996,3974.4,41533,-0.32216592,3983,3978.2,3979.2,1,-4.8,-3.8,-4.8,-3.8,,3979,3983,,-1,4,-4
2023/8/10,3979.2,3978.2,3991.6,3945.2,57188,-0.753767975,3979.2,3972.8,3882.2,1,-6.4,-97,-6.4,-97,,3978.2,3979.2,,-1,1,-1
2023/8/11,3882.2,3972.8,3985,3880,73266,12.47103925,3882.2,3842.2,3856.8,1,-40,-25.4,-40,-25.4,,3972.8,3882.2,,-1,-90.6,90.6
2023/8/14,3856.8,3842.2,3863.6,3816,63678,4.364510648,3856.8,3865,3851.4,-1,8.2,-5.4,-8.2,5.4,,3842.2,3856.8,,1,14.6,14.6
2023/8/15,3851.4,3865,3868.2,3812.2,59400,4.83945771,3851.4,3830,3821.2,-1,-21.4,-30.2,21.4,30.2,,3865,3851.4,,1,-13.6,-13.6
2023/8/16,3821.2,3830,3855,3820.2,44696,2.125750504,3821.2,3816.2,3846.6,-1,-5,25.4,5,-25.4,,3830,3821.2,,1,-8.8,-8.8
2023/8/17,3846.6,3816.2,3853.8,3798.4,73150,-1.271730305,3846.6,3846.8,3789.4,-1,0.2,-57.2,-0.2,57.2,,3816.2,3846.6,,1,30.4,30.4
2023/8/18,3789.4,3846.8,3857.4,3788,84847,1.503621165,3789.4,3778.8,3734.8,1,-10.6,-54.6,-10.6,-54.6,,3846.8,3789.4,,-1,-57.4,57.4
2023/8/21,3734.8,3778.8,3794.8,3733.8,89587,-0.716468748,3734.8,3753,3761,1,18.2,26.2,18.2,26.2,,3778.8,3734.8,,-1,-44,44
2023/8/22,3761,3753,3779.4,3711.4,104215,-1.770027873,3761,3754.4,3705,1,-6.6,-56,-6.6,-56,,3753,3761,,-1,8,-8
2023/8/23,3705,3754.4,3761.2,3696.2,84037,0.464400507,3705,3722.8,3730,1,17.8,25,17.8,25,,3754.4,3705,,-1,-49.4,49.4
2023/8/24,3730,3722.8,3759.8,3712,81974,-2.823936857,3730,3710,3720.6,1,-20,-9.4,-20,-9.4,,3722.8,3730,,-1,7.2,-7.2
2023/8/25,3720.6,3710,3749,3703.6,87238,-5.062753428,3720.6,3922,3757.2,1,201.4,36.6,201.4,36.6,,3710,3720.6,,-1,10.6,-10.6
2023/8/28,3757.2,3922,3930,3743.8,143618,2.32658098,3757.2,3757.4,3796.4,1,0.2,39.2,0.2,39.2,,3922,3757.2,,-1,-164.8,164.8
2023/8/29,3796.4,3757.4,3829,3756,111720,-5.745578689,3796.4,3810,3794,-1,13.6,-2.4,-13.6,2.4,,3757.4,3796.4,,1,39,39
2023/8/30,3794,3810,3825.4,3788,72711,-3.661606442,3794,3798,3776.8,1,4,-17.2,4,-17.2,,3810,3794,,-1,-16,16
2023/8/31,3776.8,3798,3805,3767.4,64186,-3.153213103,3776.8,3794.8,3796.8,1,18,20,18,20,,3798,3776.8,,-1,-21.2,21.2
2023/9/1,3796.8,3794.8,3818.4,3785,63667,-2.476190888,3796.8,3827.6,3857,1,30.8,60.2,30.8,60.2,,3794.8,3796.8,,-1,2,-2
2023/9/4,3857,3827.6,3865,3809,84243,-4.682074662,3857,3844.8,3826.2,1,-12.2,-30.8,-12.2,-30.8,,3827.6,3857,,-1,29.4,-29.4
2023/9/5,3826.2,3844.8,3847.8,3817.2,62230,0.341058801,3826.2,3813,3817.2,1,-13.2,-9,-13.2,-9,,3844.8,3826.2,,-1,-18.6,18.6
2023/9/6,3817.2,3813,3828.6,3798.8,59819,-4.500115409,3817.2,3807.2,3761.2,1,-10,-56,-10,-56,,3813,3817.2,,-1,4.2,-4.2
2023/9/7,3761.2,3807.2,3811.2,3758.8,71201,2.769440965,3761.2,3751,3739.4,1,-10.2,-21.8,-10.2,-21.8,,3807.2,3761.2,,-1,-46,46
2023/9/8,3739.4,3751,3761.6,3728,59465,1.591470667,3739.4,3745.8,3770,-1,6.4,30.6,-6.4,-30.6,,3751,3739.4,,1,-11.6,-11.6
2023/9/11,3770,3745.8,3793.8,3735.4,79720,7.361239975,3770,3765,3766.6,1,-5,-3.4,-5,-3.4,,3745.8,3770,,-1,24.2,-24.2
2023/9/12,3766.6,3765,3779.2,3757.6,58937,4.933458916,3766.6,3766.4,3739.6,-1,-0.2,-27,0.2,27,,3765,3766.6,,1,1.6,1.6
2023/9/13,3739.6,3766.4,3776.8,3719,74921,2.174408745,3739.6,3740,3737.6,-1,0.4,-2,-0.4,2,,3766.4,3739.6,,1,-26.8,-26.8
2023/9/14,3737.6,3740,3750,3717,60859,-0.72702653,3737.6,3741,3709.4,-1,3.4,-28.2,-3.4,28.2,,3740,3737.6,,1,-2.4,-2.4
2023/9/15,3709.4,3741,3750,3704.8,35758,1.666282546,3709.4,3710,3743.8,1,0.6,34.4,0.6,34.4,,3741,3709.4,,-1,-31.6,31.6
2023/9/18,3743.8,3710,3756.4,3702.6,71330,2.775040532,3743.8,3737,3736.4,1,-6.8,-7.4,-6.8,-7.4,,3710,3743.8,,-1,33.8,-33.8
2023/9/19,3736.4,3737,3740,3713.6,56605,-0.773574234,3736.4,3726.4,3720.2,-1,-10,-16.2,10,16.2,,3737,3736.4,,1,-0.6,-0.6
2023/9/20,3720.2,3726.4,3736,3718.2,46453,-3.49811658,3720.2,3710.2,3684,1,-10,-36.2,-10,-36.2,,3726.4,3720.2,,-1,-6.2,6.2
2023/9/21,3684,3710.2,3725.8,3682,57469,-2.364281191,3684,3687,3763.2,1,3,79.2,3,79.2,,3710.2,3684,,-1,-26.2,26.2
2023/9/22,3763.2,3687,3763.6,3678.2,75829,1.220592762,3763.2,3753,3731.4,1,-10.2,-31.8,-10.2,-31.8,,3687,3763.2,,-1,76.2,-76.2
2023/9/25,3731.4,3753,3755,3723.2,49477,-1.218172718,3731.4,3728.6,3712.6,1,-2.8,-18.8,-2.8,-18.8,,3753,3731.4,,-1,-21.6,21.6
2023/9/26,3712.6,3728.6,3738.8,3708.2,44708,-2.674845482,3712.6,3714.6,3721.6,1,2,9,2,9,,3728.6,3712.6,,-1,-16,16
2023/9/27,3721.6,3714.6,3749.8,3709.2,61811,-3.44408844,3721.6,3730,3701,1,8.4,-20.6,8.4,-20.6,,3714.6,3721.6,,-1,7,-7
2023/9/28,3701,3730,3733.6,3695.4,47606,-2.444076252,3701,3693.4,3690.6,1,-7.6,-10.4,-7.6,-10.4,,3730,3701,,-1,-29,29
2023/10/9,3690.6,3693.4,3706,3646.2,63550,-4.135466416,3690.6,3711.6,3663.2,1,21,-27.4,21,-27.4,,,,,,,
2023/10/10,3663.2,3711.6,3717.6,3659.4,52435,,3663.2,0,0,,-3663.2,-3663.2,,,,,,,,,
